-3.598696738481521606e-02,-7.529526948928833008e-03,3.060175478458404541e-02,2.379377186298370361e-02
-6.147813051939010620e-02,6.999707221984863281e-02,-1.285390555858612061e-02,-8.511025458574295044e-02
3.392621874809265137e-02,-1.486317813396453857e-02,-9.029985964298248291e-02,-2.777342498302459717e-02
-5.679801106452941895e-03,-6.069416925311088562e-02,2.830259501934051514e-02,1.157639920711517334e-02
2.330411225557327271e-02,8.350162208080291748e-02,-5.704345926642417908e-02,-2.515003830194473267e-02
-6.191097199916839600e-03,-6.420270353555679321e-02,-7.398352026939392090e-02,7.576721906661987305e-02
7.758118212223052979e-02,-1.498561352491378784e-02,-7.776784896850585938e-02,-7.807281613349914551e-02
-3.938303515315055847e-02,3.004784882068634033e-02,-1.573921740055084229e-02,1.536463201045989990e-02
1.524783670902252197e-02,1.232533901929855347e-02,-5.875715985894203186e-02,-7.286211848258972168e-02
-9.569314867258071899e-02,7.614873349666595459e-02,6.389504671096801758e-02,-1.439687609672546387e-02
-8.842930197715759277e-03,4.224310815334320068e-02,7.612816989421844482e-03,5.798904597759246826e-02
-2.418225258588790894e-02,6.382125616073608398e-02,1.879565417766571045e-03,-3.854297101497650146e-02
-7.094300538301467896e-02,6.824691593647003174e-02,-8.129177242517471313e-02,-2.833321690559387207e-03
7.792454957962036133e-02,3.125089406967163086e-02,4.648333787918090820e-02,2.413471043109893799e-02
-9.626947343349456787e-03,8.749207854270935059e-02,7.410305738449096680e-02,-8.227784931659698486e-02
9.405644237995147705e-02,7.575656473636627197e-02,-3.946534544229507446e-02,2.343600988388061523e-02
6.104320287704467773e-02,-9.842135757207870483e-02,-6.747516244649887085e-02,2.161532640457153320e-02
-3.615242242813110352e-02,-7.132628560066223145e-02,-2.036399394273757935e-02,1.333213597536087036e-02
2.700015902519226074e-04,7.768696546554565430e-02,2.917625010013580322e-02,7.199767231941223145e-02
9.150178730487823486e-02,6.669551134109497070e-02,-1.452118903398513794e-02,2.104257047176361084e-02
5.901794135570526123e-02,-2.157752215862274170e-02,-6.179727613925933838e-03,8.307173848152160645e-04
-7.795801013708114624e-02,-8.877231180667877197e-02,-4.201057925820350647e-02,4.628174006938934326e-03
7.535985112190246582e-02,-1.702723652124404907e-02,-7.824558019638061523e-02,-8.701054751873016357e-02
-3.972905501723289490e-02,-6.736671924591064453e-02,9.557077288627624512e-02,-8.445464074611663818e-02
9.607599675655364990e-02,1.794043183326721191e-02,3.787994384765625000e-03,2.664725482463836670e-02
3.005075454711914062e-02,5.812519788742065430e-02,-3.809249401092529297e-02,-3.026149421930313110e-02
9.500327706336975098e-02,-1.612156629562377930e-03,9.621185064315795898e-02,7.337203621864318848e-02
-1.345211267471313477e-02,-2.362176775932312012e-03,5.035342276096343994e-02,-9.571913629770278931e-02
-1.743679493665695190e-02,-4.724200069904327393e-02,9.487922489643096924e-02,7.171742618083953857e-02
-3.392539918422698975e-03,7.905563712120056152e-02,-7.603898644447326660e-03,-8.646002411842346191e-02
-6.157959252595901489e-02,6.176508963108062744e-03,-9.794130921363830566e-03,-1.658426970243453979e-02
-6.695079058408737183e-02,1.873651891946792603e-02,-2.058161050081253052e-02,-4.729499667882919312e-02
-6.448538601398468018e-02,1.945143938064575195e-02,-4.920920357108116150e-02,9.848785400390625000e-02
-5.569681525230407715e-02,7.942764461040496826e-02,-8.544543385505676270e-02,9.717695415019989014e-03
6.099034845829010010e-02,6.787984073162078857e-02,-8.290047198534011841e-02,-3.993822634220123291e-02
-8.139556646347045898e-02,8.732098340988159180e-02,-3.221037983894348145e-02,-8.205457031726837158e-02
8.659747242927551270e-02,6.964321434497833252e-02,-9.246113151311874390e-02,-7.379370927810668945e-02
6.299562752246856689e-03,-9.864783287048339844e-02,9.871086478233337402e-02,4.641196131706237793e-02
-1.267251372337341309e-02,-7.047609239816665649e-02,5.966220796108245850e-02,8.242699503898620605e-02
8.944708108901977539e-02,-3.250913321971893311e-02,-4.520714655518531799e-02,6.986905634403228760e-02
6.774097681045532227e-03,4.782986640930175781e-02,-3.973384946584701538e-02,-9.174471348524093628e-02
5.401021242141723633e-02,-4.204025119543075562e-02,7.511681318283081055e-02,-6.081248447299003601e-02
7.250793278217315674e-02,-8.581459522247314453e-03,1.294272392988204956e-02,-1.951292157173156738e-02
-6.666386127471923828e-02,1.259922236204147339e-02,4.295845329761505127e-02,-8.196771889925003052e-02
8.267319202423095703e-02,-3.367831557989120483e-02,7.828766107559204102e-02,-4.810886085033416748e-02
-6.651164591312408447e-02,-9.453715384006500244e-02,3.222565352916717529e-02,-6.691732257604598999e-02
-7.790316641330718994e-02,9.578484296798706055e-02,4.797349870204925537e-02,9.597314894199371338e-02
6.451188027858734131e-02,3.525668382644653320e-02,7.565383613109588623e-02,8.999457955360412598e-02
-9.231670200824737549e-02,-3.413879871368408203e-02,-7.959313690662384033e-03,-3.097344934940338135e-02
9.708333015441894531e-02,8.018440008163452148e-02,2.359420061111450195e-03,-5.752746388316154480e-02
-8.156674355268478394e-02,-6.230100989341735840e-04,-5.779713392257690430e-04,8.708888292312622070e-02
-3.953449428081512451e-03,4.010981321334838867e-02,-9.847180545330047607e-02,1.461792737245559692e-02
-9.774326533079147339e-02,-1.607314497232437134e-02,-3.468411415815353394e-02,6.211839616298675537e-03
-4.607066139578819275e-02,3.881058096885681152e-02,-3.227427601814270020e-02,-3.296151757240295410e-02
6.105089187622070312e-02,-6.914649903774261475e-02,-4.423963651061058044e-02,6.870619952678680420e-02
-6.861659884452819824e-02,-1.023207604885101318e-02,5.500988662242889404e-02,-8.461283892393112183e-02
-2.399317920207977295e-03,9.239555895328521729e-02,9.207648038864135742e-02,-6.046153977513313293e-02
5.604566633701324463e-02,5.659955739974975586e-02,-2.435244619846343994e-02,5.726411938667297363e-02
-7.463842630386352539e-02,9.537182748317718506e-02,-5.938509479165077209e-02,2.490218728780746460e-02
-7.776422798633575439e-02,2.940456569194793701e-02,-9.033955633640289307e-02,3.568048775196075439e-02
9.421610832214355469e-02,5.960355699062347412e-02,7.591560482978820801e-02,3.120757639408111572e-03
5.838634073734283447e-02,-7.245267182588577271e-02,-6.550185382366180420e-02,-2.711325883865356445e-03
-8.927206695079803467e-02,-9.832076728343963623e-02,-4.745087772607803345e-02,-2.099462598562240601e-02
4.269187152385711670e-02,-6.362316757440567017e-02,6.076866388320922852e-02,-6.933789700269699097e-02
-1.239063590764999390e-02,3.683523833751678467e-02,3.219534456729888916e-02,4.588943719863891602e-02
-7.212908565998077393e-02,-4.453130811452865601e-02,9.862929582595825195e-04,8.244550228118896484e-02
-5.620144307613372803e-02,-6.528230011463165283e-02,-9.533914923667907715e-02,-2.650892734527587891e-02
-7.984898984432220459e-02,2.612575888633728027e-03,-2.129121124744415283e-02,-1.365354657173156738e-02
6.524130702018737793e-03,-6.744906306266784668e-03,3.427621722221374512e-02,-5.587848275899887085e-02
-6.965681910514831543e-02,-6.425847113132476807e-02,7.502572238445281982e-02,3.454981744289398193e-02
-3.826189413666725159e-02,2.205491065979003906e-03,-4.377853125333786011e-02,-1.642606407403945923e-02
-9.336021542549133301e-02,8.198590576648712158e-02,5.236035585403442383e-02,2.778509259223937988e-02
-2.166818827390670776e-02,-7.226522266864776611e-02,-2.454458922147750854e-02,7.038046419620513916e-02
-2.043674886226654053e-02,-7.298815250396728516e-02,1.915857195854187012e-03,5.513045191764831543e-02
3.668177127838134766e-02,-5.875696986913681030e-02,7.100002467632293701e-02,-1.262438297271728516e-02
4.015570878982543945e-02,-7.728674262762069702e-02,1.196410506963729858e-02,9.005595743656158447e-02
1.387120783329010010e-02,-7.527276873588562012e-03,-7.588562369346618652e-02,-2.605564892292022705e-02
9.097068011760711670e-02,-4.227786883711814880e-02,-7.274492084980010986e-02,-3.219737857580184937e-02
-9.244242310523986816e-02,-6.855478882789611816e-02,-3.531853109598159790e-02,7.135671377182006836e-02
9.862472116947174072e-02,6.510636210441589355e-02,1.871810853481292725e-02,-6.185939535498619080e-02
-8.351516723632812500e-02,1.102147996425628662e-02,-5.304254591464996338e-03,-2.709696441888809204e-02
5.477404594421386719e-02,2.058426290750503540e-02,-3.523210436105728149e-02,4.873391985893249512e-02
3.762225806713104248e-02,-2.229938656091690063e-02,-4.251197353005409241e-02,-4.595502093434333801e-02
2.605585008859634399e-02,-6.874263286590576172e-02,4.248771071434020996e-02,9.177111089229583740e-02
-6.949619948863983154e-02,9.820519387722015381e-02,-7.923835515975952148e-02,1.375747472047805786e-02
9.109547734260559082e-02,7.261723279953002930e-02,7.068945467472076416e-02,3.544135391712188721e-02
8.253325521945953369e-02,5.520051717758178711e-02,-6.832797825336456299e-02,5.264033377170562744e-02
-6.350671499967575073e-02,7.992359995841979980e-02,-7.337196171283721924e-02,5.845038592815399170e-02
-6.245724484324455261e-02,5.934970080852508545e-02,3.913404047489166260e-02,4.435490071773529053e-02
-8.224134892225265503e-02,5.982974171638488770e-02,2.232235670089721680e-02,8.734808862209320068e-02
5.287851393222808838e-02,3.690116107463836670e-03,1.136676967144012451e-02,-7.439348101615905762e-02
9.600131213665008545e-02,1.299341768026351929e-02,-4.224342107772827148e-02,5.996017158031463623e-02
3.894732892513275146e-02,-5.340800061821937561e-02,7.768821716308593750e-02,-6.962791830301284790e-02
3.170798718929290771e-02,6.757694482803344727e-02,-7.936526089906692505e-02,-3.909724205732345581e-02
-4.749063774943351746e-02,5.451995134353637695e-02,-2.515487372875213623e-03,9.779562056064605713e-02
1.720250397920608521e-02,6.362572312355041504e-04,4.796649515628814697e-02,-1.238330453634262085e-02
4.953092336654663086e-02,3.208981454372406006e-02,6.890472769737243652e-02,2.043731510639190674e-02
9.878635406494140625e-02,2.969053387641906738e-02,2.381389588117599487e-02,-8.489884436130523682e-02
-7.345525175333023071e-02,-4.137391224503517151e-02,-6.500355899333953857e-02,7.581613957881927490e-03
-6.975634396076202393e-02,2.423464506864547729e-02,-8.705435693264007568e-02,-7.212936878204345703e-02
1.690971106290817261e-02,1.179660111665725708e-02,3.501904010772705078e-02,-1.774196326732635498e-02
2.366388589143753052e-02,6.222574412822723389e-02,7.466822862625122070e-02,8.633764088153839111e-02
1.278696954250335693e-02,-2.515789121389389038e-02,-3.530307114124298096e-02,7.403498888015747070e-02
7.991433143615722656e-02,1.577740907669067383e-02,4.217307269573211670e-02,7.323703169822692871e-02
-1.598278433084487915e-02,1.082370430231094360e-02,9.810684621334075928e-02,-9.357883036136627197e-02
7.341919839382171631e-02,1.308059692382812500e-02,-3.051576763391494751e-02,6.867942214012145996e-02
8.199919760227203369e-02,-5.719280242919921875e-02,-3.013736754655838013e-02,-8.110529929399490356e-02
7.815532386302947998e-02,8.290553092956542969e-02,-9.678063541650772095e-02,-4.886209964752197266e-02
-8.809326589107513428e-02,-5.862168967723846436e-02,4.902346432209014893e-02,-1.002404838800430298e-02
7.720515131950378418e-03,3.720650076866149902e-02,4.371394217014312744e-02,-4.897882044315338135e-02
8.435982465744018555e-02,-7.094888389110565186e-02,1.772638410329818726e-02,5.902257561683654785e-02
-5.462246015667915344e-02,-3.459773957729339600e-02,-6.878361105918884277e-02,-6.440017372369766235e-02
-2.743123471736907959e-02,-5.366525053977966309e-02,-8.382855355739593506e-02,-4.435647651553153992e-02
2.950635552406311035e-02,7.343544065952301025e-02,-8.388312906026840210e-02,3.928385674953460693e-02
-5.754359066486358643e-03,-7.728824019432067871e-02,-9.810449928045272827e-02,-8.853318542242050171e-02
-5.603202059864997864e-02,-1.408126950263977051e-02,2.395242452621459961e-03,6.717321276664733887e-02
8.596338331699371338e-02,8.479952812194824219e-02,-6.397539377212524414e-02,-1.663991063833236694e-02
-1.887961477041244507e-02,5.675169825553894043e-02,9.413032233715057373e-02,-5.359333008527755737e-02
5.566814541816711426e-02,2.258545905351638794e-02,-7.368825376033782959e-02,-8.362052589654922485e-02
5.497962236404418945e-02,3.422282636165618896e-03,-8.011781424283981323e-02,6.901353597640991211e-03
5.648754537105560303e-02,9.309902787208557129e-02,-7.002279162406921387e-02,-8.367241173982620239e-02
-9.468115866184234619e-03,2.980940043926239014e-02,-2.521429210901260376e-02,3.677602112293243408e-02
-7.522100210189819336e-02,-2.538220584392547607e-02,3.008656203746795654e-03,9.023977816104888916e-02
-2.636461704969406128e-02,4.774115979671478271e-02,3.491598367691040039e-02,-7.670574635267257690e-02
-5.744300782680511475e-03,4.612304270267486572e-03,-3.514955937862396240e-02,-4.407212138175964355e-03
-3.497026115655899048e-02,7.431857287883758545e-03,-3.050576895475387573e-02,1.856187731027603149e-02
-6.134522706270217896e-02,4.258227348327636719e-02,5.421572923660278320e-02,8.240908384323120117e-02
-8.122292906045913696e-02,9.815117716789245605e-02,-7.967457175254821777e-02,-5.526722222566604614e-02
-2.028323709964752197e-03,6.748346984386444092e-02,-3.186701983213424683e-02,-1.522540301084518433e-02
-8.430109918117523193e-02,-2.228184044361114502e-02,-3.418181091547012329e-02,9.646967053413391113e-02
9.835383296012878418e-02,9.122110903263092041e-02,6.560218334197998047e-02,-5.079941824078559875e-02
-6.653173267841339111e-02,-6.235909461975097656e-02,2.641648054122924805e-02,1.264491677284240723e-02
5.301456153392791748e-02,3.511965274810791016e-03,-7.442748546600341797e-02,-9.077005088329315186e-02
-3.525106608867645264e-02,-7.445632666349411011e-02,-9.692526608705520630e-02,-9.059980511665344238e-04
-3.149744868278503418e-02,8.389611542224884033e-02,-7.406154274940490723e-02,2.034361660480499268e-02
6.168158352375030518e-02,5.902384221553802490e-02,-9.671647846698760986e-02,-5.718963220715522766e-02
-2.266643196344375610e-02,-4.045159369707107544e-02,-2.698361873626708984e-02,8.369608223438262939e-02
-9.542655199766159058e-02,-2.854036539793014526e-02,5.509777367115020752e-02,-6.720762699842453003e-02
-3.606034070253372192e-02,-8.881574869155883789e-02,-7.847473770380020142e-02,-8.136978745460510254e-02
9.165944159030914307e-02,5.961214005947113037e-02,-6.356132030487060547e-02,-6.596928834915161133e-02
6.844162940979003906e-02,3.832925856113433838e-02,-2.469928562641143799e-02,3.006111085414886475e-02
1.369126886129379272e-02,-4.048371687531471252e-02,2.057694643735885620e-02,-8.900973945856094360e-02
-5.680844187736511230e-04,6.386993825435638428e-02,-1.821268349885940552e-02,6.659127771854400635e-02
-7.973376661539077759e-02,4.052020609378814697e-02,6.010706722736358643e-02,5.798727273941040039e-03
-6.623531877994537354e-02,-5.863567814230918884e-02,9.627066552639007568e-03,2.181572467088699341e-02
-6.014594435691833496e-02,2.168785780668258667e-02,9.381398558616638184e-04,2.746818959712982178e-02
5.716043710708618164e-02,2.689307928085327148e-02,-4.811092466115951538e-02,5.668680369853973389e-02
-3.978419303894042969e-02,-1.335233449935913086e-03,-2.002433687448501587e-02,6.398755311965942383e-02
8.605948090553283691e-02,-3.395415842533111572e-03,-9.278042614459991455e-02,1.487189531326293945e-02
3.366023302078247070e-02,3.613422811031341553e-02,-8.603118360042572021e-02,8.583679795265197754e-02
9.059374034404754639e-02,-3.645178675651550293e-02,-7.413586229085922241e-02,-5.253301933407783508e-02
-2.342038601636886597e-02,6.190715730190277100e-02,-2.416875958442687988e-02,-1.088529825210571289e-04
7.034336030483245850e-02,-4.725698009133338928e-02,5.700393021106719971e-02,1.040612906217575073e-02
6.658922135829925537e-02,1.727305352687835693e-02,2.238082885742187500e-02,2.588819712400436401e-02
2.794818580150604248e-02,-2.061125636100769043e-02,-9.512493759393692017e-02,5.695641040802001953e-02
5.078093707561492920e-02,5.785684287548065186e-02,5.064712464809417725e-02,-8.019536733627319336e-03
6.856364011764526367e-02,3.670924901962280273e-02,-4.331392794847488403e-02,3.112936019897460938e-02
-9.368468821048736572e-02,-3.872916102409362793e-02,-1.883392781019210815e-02,-6.195679306983947754e-02
-8.968866616487503052e-02,-3.353140503168106079e-02,-9.246633201837539673e-02,-2.966953068971633911e-02
-9.514367580413818359e-02,-7.783385366201400757e-02,2.580240368843078613e-03,3.344342112541198730e-03
2.484948188066482544e-02,6.758826971054077148e-02,7.314354181289672852e-02,6.531372666358947754e-02
6.609851121902465820e-02,-8.462816476821899414e-03,-5.413007736206054688e-02,6.958651542663574219e-02
3.242565691471099854e-02,-2.690755575895309448e-02,-4.894737154245376587e-02,-3.217636793851852417e-02
8.745759725570678711e-02,2.845923602581024170e-02,-1.130829751491546631e-02,-4.900684580206871033e-02
9.149104356765747070e-02,4.321290552616119385e-02,-7.760760933160781860e-02,-7.769021391868591309e-02
-2.422269433736801147e-02,-2.747581154108047485e-02,-8.735805749893188477e-04,-7.904867827892303467e-02
5.986650288105010986e-02,-5.432612076401710510e-02,-9.638719260692596436e-02,4.947394132614135742e-02
3.821620345115661621e-02,-7.867523282766342163e-02,8.029514551162719727e-02,-9.010895341634750366e-02
-3.437719494104385376e-02,-6.310716271400451660e-02,3.746643662452697754e-03,-1.921680569648742676e-02
-3.475623577833175659e-02,6.434264779090881348e-02,1.537639647722244263e-02,5.462627112865447998e-02
4.760019481182098389e-02,-2.345085144042968750e-03,-2.133846282958984375e-02,2.207008749246597290e-02
-9.343504160642623901e-02,-7.845356315374374390e-02,9.384776651859283447e-02,3.323934972286224365e-02
-4.214294254779815674e-03,3.365427255630493164e-02,-3.848376870155334473e-02,-9.835338592529296875e-02
3.713795542716979980e-02,8.625119924545288086e-02,3.530782461166381836e-02,-7.224345207214355469e-02
9.283818304538726807e-02,-2.191393822431564331e-02,-2.257710695266723633e-02,6.199628114700317383e-05
7.245466113090515137e-03,-6.529219448566436768e-03,-4.348533973097801208e-02,-7.305672019720077515e-02
6.400641798973083496e-02,-8.622549474239349365e-03,-7.992625981569290161e-02,-8.045624196529388428e-02
1.290921121835708618e-02,-3.786511719226837158e-03,4.156142473220825195e-02,9.024456143379211426e-02
5.778130888938903809e-02,-2.187913656234741211e-02,-5.552661791443824768e-02,-1.367165893316268921e-02
-9.654801338911056519e-02,6.272771954536437988e-02,2.035599946975708008e-02,-7.008955627679824829e-02
9.840874373912811279e-02,-5.083178728818893433e-02,3.467389941215515137e-02,2.942565083503723145e-02
2.680112421512603760e-02,-9.661185741424560547e-02,6.470926105976104736e-03,-4.841722175478935242e-02
4.446752369403839111e-02,-1.781761646270751953e-03,-8.987583965063095093e-02,3.577139973640441895e-02
7.063940167427062988e-02,7.311429083347320557e-02,5.293661355972290039e-02,9.546813368797302246e-02
-8.409430086612701416e-02,6.032840907573699951e-02,-7.557052373886108398e-02,4.189544916152954102e-02
6.068561971187591553e-02,-1.781597733497619629e-03,-4.714706912636756897e-02,5.087505280971527100e-02
-9.537940472364425659e-02,-5.888412520289421082e-02,-1.263532042503356934e-02,2.637818455696105957e-02
6.189630925655364990e-02,5.454465746879577637e-03,9.594410657882690430e-03,9.484854340553283691e-02
-5.625740438699722290e-02,7.777583599090576172e-02,-3.083243966102600098e-02,-6.349824368953704834e-02
1.333232223987579346e-02,-6.619682163000106812e-02,8.060912787914276123e-02,-7.153648138046264648e-02
-9.746381640434265137e-02,-8.938324451446533203e-02,-4.627002775669097900e-02,7.543048262596130371e-02
9.183093905448913574e-03,-9.395009279251098633e-02,-4.754340648651123047e-02,-9.660741686820983887e-02
-2.042323350906372070e-03,3.281569480895996094e-02,2.085257321596145630e-02,2.481888234615325928e-02
8.947965502738952637e-02,-3.474628925323486328e-02,8.823472261428833008e-02,5.346909165382385254e-03
1.663547009229660034e-02,-6.358834356069564819e-02,3.708013892173767090e-02,7.219754159450531006e-02
3.144676983356475830e-02,8.696404099464416504e-02,7.772167026996612549e-02,-1.821415871381759644e-02
-3.793198242783546448e-02,-8.277498185634613037e-03,-5.891311168670654297e-02,-1.843087375164031982e-03
1.359798759222030640e-02,-4.423453286290168762e-02,5.174912512302398682e-02,-3.151068091392517090e-02
-2.369351685047149658e-03,6.841039657592773438e-02,9.511269629001617432e-02,-5.800263956189155579e-02
5.960568785667419434e-02,-9.845440089702606201e-02,-2.583371847867965698e-02,4.038152098655700684e-02
1.491726934909820557e-02,2.814094722270965576e-02,4.477463662624359131e-02,-4.857255890965461731e-02
8.507359027862548828e-02,-6.683684885501861572e-02,-4.230374470353126526e-02,-7.725512981414794922e-02
2.993771433830261230e-02,-6.497725844383239746e-02,-5.697992071509361267e-02,7.683031260967254639e-03
-2.803295850753784180e-02,1.456022262573242188e-03,4.418329894542694092e-02,-1.122877746820449829e-02
-1.702257245779037476e-02,5.519375205039978027e-02,-1.813800632953643799e-02,9.271201491355895996e-02
-6.795235723257064819e-02,2.453914284706115723e-02,8.465577661991119385e-02,5.170987546443939209e-02
5.048637092113494873e-02,-5.588117986917495728e-02,-5.212962254881858826e-02,8.233006298542022705e-02
-4.498255252838134766e-02,-1.984261721372604370e-02,-3.744211047887802124e-02,3.133533895015716553e-02
-1.466970145702362061e-02,8.510403335094451904e-02,-9.077971428632736206e-02,7.568846642971038818e-02
-2.635525166988372803e-02,2.956721186637878418e-02,-1.439405977725982666e-02,6.998573243618011475e-02
-2.228081226348876953e-03,3.411631286144256592e-02,8.607345819473266602e-02,-6.638410687446594238e-02
-7.042199373245239258e-02,1.907854527235031128e-02,-6.898828595876693726e-02,-5.844299122691154480e-02
2.101916819810867310e-02,2.740697562694549561e-02,-3.999569639563560486e-02,-4.594874009490013123e-02
-6.941606104373931885e-02,6.509710848331451416e-02,9.583091735839843750e-02,3.732900321483612061e-02
-2.982068061828613281e-02,-5.925035476684570312e-02,8.166170120239257812e-02,-7.550187408924102783e-03
3.203652799129486084e-02,1.251944899559020996e-02,-5.371528491377830505e-02,8.207899332046508789e-02
-9.091063588857650757e-02,-9.295162558555603027e-02,-2.012094110250473022e-02,4.574939608573913574e-02
-5.627620220184326172e-02,5.309897661209106445e-02,8.694572746753692627e-02,3.873832523822784424e-03
5.711223185062408447e-02,-6.742623448371887207e-02,4.390807449817657471e-02,-7.032413780689239502e-02
5.880071222782135010e-02,-7.817006856203079224e-02,-3.821707889437675476e-02,-4.347547888755798340e-03
-7.850569486618041992e-02,7.656604051589965820e-02,6.954744458198547363e-02,1.850207895040512085e-02
-5.194957181811332703e-02,-2.206377685070037842e-03,-2.805319428443908691e-02,9.646043181419372559e-02
-7.574811577796936035e-03,-4.309907555580139160e-02,8.397686481475830078e-02,-4.133654385805130005e-02
-2.710511535406112671e-02,-1.683274656534194946e-02,-9.575410932302474976e-02,3.749868273735046387e-02
5.946084856986999512e-04,9.613902866840362549e-02,8.820840716361999512e-02,8.052332699298858643e-02
7.035154104232788086e-02,9.148487448692321777e-02,-5.787000805139541626e-02,-2.130513638257980347e-02
-9.831605851650238037e-02,4.626001417636871338e-02,5.237317085266113281e-02,2.752706408500671387e-03
-5.102959647774696350e-02,-7.525122165679931641e-02,3.448572754859924316e-02,2.544946968555450439e-02
-4.035292565822601318e-02,-4.956439137458801270e-03,-3.747088834643363953e-02,7.767236232757568359e-02
-2.893257886171340942e-02,-2.359360456466674805e-02,6.716714799404144287e-02,6.685619056224822998e-02
-1.487049460411071777e-02,8.310602605342864990e-02,-8.342961966991424561e-02,7.160829007625579834e-02
-8.150551468133926392e-02,2.913130819797515869e-02,7.863888144493103027e-02,-7.459547370672225952e-02
-9.430428594350814819e-02,-3.652641549706459045e-02,5.375805497169494629e-02,7.820871472358703613e-02
-3.099732100963592529e-02,-1.357213407754898071e-02,6.250406801700592041e-02,4.126185178756713867e-02
3.578019142150878906e-02,8.517280220985412598e-04,3.244546055793762207e-02,-2.534829825162887573e-02
7.308764755725860596e-02,-3.176421672105789185e-02,9.559184312820434570e-02,9.145389497280120850e-02
7.070736587047576904e-02,-7.521869242191314697e-02,-1.375704258680343628e-02,-5.481253936886787415e-02
-8.031934499740600586e-03,-1.589247584342956543e-02,-7.858158648014068604e-02,2.260679006576538086e-02
7.088795304298400879e-02,-4.652225598692893982e-02,-8.239269256591796875e-02,-4.935001581907272339e-02
-5.053831264376640320e-02,6.509706377983093262e-02,1.164716482162475586e-02,4.282987117767333984e-02
-1.298986375331878662e-02,9.862586855888366699e-03,8.588014543056488037e-02,-1.140335202217102051e-02
8.205705881118774414e-02,3.302216529846191406e-03,8.704686164855957031e-02,1.266002655029296875e-03
6.142368912696838379e-02,-1.704346388578414917e-02,4.225201904773712158e-02,-3.267078846693038940e-02
7.373274862766265869e-02,7.706978917121887207e-02,2.449899911880493164e-02,9.836834669113159180e-02
8.443976938724517822e-02,9.293048083782196045e-02,-4.038715735077857971e-02,-7.206920534372329712e-02
-8.357971906661987305e-02,3.981889784336090088e-02,6.679967045783996582e-02,4.773662984371185303e-02
6.104375422000885010e-02,4.318428039550781250e-02,-2.417924255132675171e-02,-7.032148540019989014e-02
3.816582262516021729e-02,1.082909107208251953e-02,1.402141898870468140e-02,1.997723430395126343e-02
-5.040861666202545166e-03,-6.027581915259361267e-02,-6.697703152894973755e-02,5.750179290771484375e-02
-8.954619616270065308e-02,-8.625643700361251831e-02,-8.603823930025100708e-02,7.028147578239440918e-03
5.564068257808685303e-02,-4.078228399157524109e-02,-5.466134846210479736e-02,-2.356783300638198853e-02
-1.857318729162216187e-02,-5.883410573005676270e-03,6.044723093509674072e-03,2.483312785625457764e-02
-2.623566240072250366e-02,-8.777976036071777344e-04,-2.575329691171646118e-02,2.182488143444061279e-02
-7.386957108974456787e-02,-3.415986895561218262e-02,6.953299045562744141e-02,-7.649083435535430908e-02
-3.037396818399429321e-02,-7.955169677734375000e-02,-4.666690900921821594e-02,-9.721737354993820190e-02
1.063516736030578613e-02,3.546938300132751465e-02,-2.679316699504852295e-02,-1.361455768346786499e-02
1.123885065317153931e-02,-3.596255183219909668e-02,-3.324681520462036133e-02,-8.225389569997787476e-02
8.476510643959045410e-02,3.745760023593902588e-02,7.680445909500122070e-03,-3.292035311460494995e-02
-1.191789656877517700e-02,-3.515766561031341553e-02,6.788080930709838867e-02,6.658367812633514404e-03
-2.074304223060607910e-02,-2.653714269399642944e-02,2.676963806152343750e-02,-3.065806627273559570e-02
-6.939917802810668945e-03,-1.972381025552749634e-02,9.858220815658569336e-02,-4.123981669545173645e-02
-7.583698630332946777e-02,-1.691285520792007446e-02,2.709877490997314453e-02,7.029642164707183838e-02
-1.930186152458190918e-02,-2.218866348266601562e-02,-2.129226177930831909e-02,9.335277974605560303e-02
3.735062479972839355e-02,9.143765270709991455e-02,1.649983227252960205e-03,1.427782326936721802e-02
-4.272742569446563721e-02,4.789690673351287842e-02,-9.279946237802505493e-02,7.181939482688903809e-02
4.981017112731933594e-02,-1.241531968116760254e-02,9.503926336765289307e-02,8.146882057189941406e-03
4.098974168300628662e-02,-9.282702207565307617e-02,-5.914998799562454224e-02,6.526388227939605713e-02
9.195624291896820068e-02,-5.507163703441619873e-03,2.647359669208526611e-02,1.710150390863418579e-02
-6.317162513732910156e-02,-5.398000776767730713e-02,4.340212047100067139e-02,-9.260752052068710327e-02
4.967056214809417725e-02,-3.150313347578048706e-02,-8.255236595869064331e-02,-7.343780994415283203e-02
-9.113214164972305298e-02,7.173077762126922607e-02,-3.042039275169372559e-02,-1.479773968458175659e-02
-1.467406749725341797e-02,-1.515690237283706665e-02,5.989275872707366943e-02,1.760830730199813843e-02
-6.467728316783905029e-02,-1.494268327951431274e-02,-7.191572338342666626e-02,3.466142714023590088e-02
7.771928608417510986e-02,1.439170539379119873e-02,3.710398077964782715e-02,4.034823179244995117e-02
4.904426634311676025e-02,5.489410459995269775e-02,1.333681493997573853e-02,3.117795288562774658e-02
-1.700616627931594849e-02,-9.401249140501022339e-02,5.785243213176727295e-02,4.079291224479675293e-02
-9.227225184440612793e-02,-7.643975317478179932e-03,8.606277406215667725e-03,9.936355054378509521e-03
7.976332306861877441e-02,9.022088348865509033e-02,-5.924120917916297913e-02,-3.435388952493667603e-02
-8.187213540077209473e-02,-6.929547339677810669e-02,-2.160803228616714478e-02,8.066202700138092041e-02
-3.728183358907699585e-02,9.337745606899261475e-03,-3.153878450393676758e-02,-8.654412627220153809e-02
3.429795801639556885e-02,-8.928725123405456543e-02,5.177617073059082031e-02,-3.269148617982864380e-02
-1.518792659044265747e-02,2.311944961547851562e-02,-3.153847903013229370e-02,1.103833317756652832e-02
7.907390594482421875e-02,3.225402534008026123e-02,5.767105519771575928e-02,9.556344151496887207e-02
3.237926959991455078e-02,-3.095880150794982910e-02,5.350302159786224365e-02,2.070130407810211182e-02
4.008616507053375244e-02,8.840039372444152832e-03,-6.082352623343467712e-02,9.477563202381134033e-02
-8.907850086688995361e-02,-9.146884083747863770e-02,1.263409852981567383e-03,3.099407255649566650e-02
-4.443511366844177246e-02,9.503102302551269531e-02,-6.238378584384918213e-03,2.500484883785247803e-02
8.433131873607635498e-02,-5.085441470146179199e-02,9.849064052104949951e-03,-4.613427072763442993e-02
4.571554064750671387e-02,7.126805186271667480e-02,6.613329052925109863e-03,-3.682716190814971924e-02
-3.919223695993423462e-02,9.650701284408569336e-02,5.880583822727203369e-02,-8.583093434572219849e-02
7.169148325920104980e-02,-9.605653584003448486e-03,-6.812355667352676392e-02,2.590008080005645752e-03
5.130234360694885254e-02,-1.518386602401733398e-02,-7.454308867454528809e-02,-7.749217003583908081e-02
7.682617008686065674e-02,-1.560571789741516113e-02,1.282282918691635132e-02,5.511474609375000000e-02
1.107806712388992310e-02,-8.563411235809326172e-02,-4.785023257136344910e-02,-4.473241791129112244e-02
-3.234021365642547607e-03,-3.834135457873344421e-02,-6.273963302373886108e-02,-1.380324363708496094e-03
8.275952935218811035e-02,3.369346261024475098e-02,4.224832355976104736e-02,2.925835549831390381e-03
5.728577077388763428e-02,3.819637000560760498e-03,-5.366522446274757385e-02,-7.603719085454940796e-02
-3.413654863834381104e-02,-1.389072835445404053e-02,4.060122370719909668e-02,1.472437381744384766e-02
2.898830175399780273e-02,3.438858687877655029e-02,7.186672091484069824e-02,-7.623030245304107666e-02
2.005157619714736938e-02,-9.087998420000076294e-02,-7.646195590496063232e-03,-3.096992522478103638e-02
8.368119597434997559e-02,3.708612918853759766e-02,2.076710760593414307e-02,-1.375287771224975586e-02
-2.446383237838745117e-02,-2.179451286792755127e-03,4.151293635368347168e-02,9.422391653060913086e-02
-6.232284754514694214e-02,-8.524593710899353027e-02,-6.386101245880126953e-03,-5.682484060525894165e-02
7.319431006908416748e-02,-2.170997112989425659e-02,3.572985529899597168e-02,-4.226793348789215088e-02
6.320393085479736328e-02,2.653424441814422607e-02,-9.897701442241668701e-03,9.680362045764923096e-02
-1.680389046669006348e-02,6.434343755245208740e-02,-7.755887508392333984e-02,7.569372653961181641e-02
-1.732021570205688477e-02,-6.737565994262695312e-02,-9.533448517322540283e-02,1.258075237274169922e-03
-1.509474217891693115e-02,4.641443490982055664e-02,-2.347216755151748657e-02,1.121912896633148193e-02
1.834271103143692017e-02,9.861432015895843506e-02,-3.892598301172256470e-02,5.482654273509979248e-02
2.265246957540512085e-02,6.783270835876464844e-02,-2.676440030336380005e-02,-6.774197518825531006e-02
-5.623820796608924866e-02,1.134478300809860229e-02,-2.838338911533355713e-02,-6.300914287567138672e-02
2.042135596275329590e-02,7.702986896038055420e-02,-7.519567757844924927e-02,1.939073204994201660e-02
9.440958499908447266e-02,-9.816090017557144165e-02,-4.780457168817520142e-02,3.229813277721405029e-02
9.653933346271514893e-02,-5.804113671183586121e-02,1.180124282836914062e-02,2.736440300941467285e-02
-2.613349258899688721e-02,-7.660699635744094849e-02,6.024822592735290527e-02,6.425949931144714355e-02
3.920091688632965088e-02,6.913967430591583252e-03,-8.011273294687271118e-02,-6.846171617507934570e-02
3.130912780761718750e-02,-8.731112629175186157e-02,4.723824560642242432e-02,4.648418724536895752e-02
-1.473693549633026123e-02,6.172990798950195312e-02,1.763274520635604858e-02,3.205899894237518311e-02
-5.417058244347572327e-02,7.812990248203277588e-02,-6.665128469467163086e-02,8.317169547080993652e-02
-5.011006072163581848e-02,-5.766391754150390625e-03,-7.045010477304458618e-02,-4.451574012637138367e-02
-7.789909094572067261e-02,8.239088952541351318e-02,-7.847949862480163574e-02,7.851649820804595947e-02
-8.455347269773483276e-02,9.024657309055328369e-02,-7.064352929592132568e-02,2.846868336200714111e-02
9.002649784088134766e-02,9.286890923976898193e-02,3.796866536140441895e-02,5.353865027427673340e-02
-6.462878733873367310e-02,-9.709280729293823242e-02,-5.655057728290557861e-03,-6.530496478080749512e-02
-3.957916051149368286e-02,-4.189112037420272827e-02,5.664579570293426514e-02,-8.310801535844802856e-02
-2.767414599657058716e-02,-9.639827162027359009e-02,-3.808617964386940002e-02,-6.428467482328414917e-02
-5.897060036659240723e-04,4.041680693626403809e-02,9.529538452625274658e-03,-3.366392105817794800e-02
-9.389702230691909790e-02,9.571094810962677002e-02,2.591855078935623169e-02,8.399049937725067139e-02
5.341827869415283203e-03,-3.390781581401824951e-03,3.562319278717041016e-02,-6.677754968404769897e-02
-1.024858653545379639e-02,6.885300576686859131e-02,-8.912693709135055542e-02,-1.930568367242813110e-02
8.135187625885009766e-02,6.339269876480102539e-02,6.584963202476501465e-02,-8.333671092987060547e-02
-3.871588036417961121e-02,1.923625916242599487e-02,-9.638699144124984741e-02,-1.127386093139648438e-02
9.779056906700134277e-02,1.731089502573013306e-02,6.458184123039245605e-02,-1.721105724573135376e-02
3.034965693950653076e-02,-2.103227376937866211e-02,-3.076280653476715088e-02,-9.308505058288574219e-02
5.088916420936584473e-02,9.376190602779388428e-02,-1.590024679899215698e-02,-1.414828747510910034e-02
-9.126634150743484497e-02,7.392844557762145996e-02,-5.894102901220321655e-02,-9.729848057031631470e-02
9.832972288131713867e-02,-1.992884278297424316e-02,-8.413428068161010742e-02,-9.404569119215011597e-02
-6.646992266178131104e-02,7.250133156776428223e-02,-6.296819448471069336e-02,2.759711444377899170e-02
5.265387892723083496e-02,2.511557191610336304e-02,-9.784334897994995117e-02,9.148611128330230713e-02
-7.029329240322113037e-02,7.607665657997131348e-02,-4.044577106833457947e-02,1.293952763080596924e-02
3.560863435268402100e-02,3.163909912109375000e-02,1.428937166929244995e-02,5.987341701984405518e-02
-5.250055342912673950e-02,-1.041943579912185669e-02,5.574555695056915283e-02,-6.369409710168838501e-02
7.038758695125579834e-02,3.745384514331817627e-02,6.505188345909118652e-02,7.355242967605590820e-02
9.222596883773803711e-03,5.195701122283935547e-02,5.079047381877899170e-02,-9.216265380382537842e-02
-2.872853726148605347e-02,2.017519623041152954e-02,3.851580619812011719e-02,6.756271421909332275e-02
-6.341715157032012939e-02,-4.121866449713706970e-02,3.870077431201934814e-03,-3.160694241523742676e-02
-5.791649222373962402e-03,-9.671261906623840332e-02,-6.294327974319458008e-02,-4.305926710367202759e-02
-6.349474191665649414e-02,-7.091817259788513184e-02,2.398954331874847412e-02,8.769431710243225098e-02
3.699147701263427734e-02,-2.313256263732910156e-04,-2.374711632728576660e-02,3.461402654647827148e-02
6.664419174194335938e-02,5.308145284652709961e-02,-3.301402926445007324e-02,-7.375282794237136841e-02
1.488949358463287354e-02,-4.528567567467689514e-02,1.568157225847244263e-02,-4.908863827586174011e-02
5.190414190292358398e-02,-4.953372851014137268e-02,9.291431307792663574e-02,-4.413419216871261597e-02
-3.424309939146041870e-02,8.100293576717376709e-02,6.433780491352081299e-02,-8.668038994073867798e-02
-8.014818280935287476e-02,9.352883696556091309e-02,-7.640521228313446045e-02,6.692881882190704346e-02
-4.522919654846191406e-03,-2.810023725032806396e-02,4.519003629684448242e-02,4.195526242256164551e-02
2.715960144996643066e-02,-3.120696544647216797e-02,6.527650356292724609e-02,-6.280523538589477539e-02
9.399937093257904053e-02,3.903955221176147461e-02,-4.084531590342521667e-02,-1.386608928442001343e-02
9.735262393951416016e-02,-8.688391000032424927e-02,8.954654633998870850e-02,-5.656179040670394897e-02
1.022449880838394165e-02,-3.654925525188446045e-02,2.299235016107559204e-02,-1.813717931509017944e-02
-3.280241787433624268e-02,-7.424052059650421143e-02,2.002323418855667114e-02,4.316112399101257324e-02
-8.865299820899963379e-02,5.995430052280426025e-02,-5.996163934469223022e-02,3.578366339206695557e-02
-4.411921277642250061e-02,3.486053645610809326e-02,7.208210229873657227e-02,2.292347699403762817e-02
-4.702553898096084595e-02,-7.433326542377471924e-02,-3.763457015156745911e-02,8.970260620117187500e-02
-6.555505096912384033e-02,-1.438066363334655762e-02,-6.490325927734375000e-02,-1.834075152873992920e-02
-8.480852842330932617e-02,6.541441380977630615e-02,-4.998375847935676575e-02,5.197511613368988037e-02
6.657376885414123535e-02,2.342370897531509399e-02,1.250150799751281738e-02,1.823679357767105103e-02
-3.827161341905593872e-02,8.773565292358398438e-02,-4.692104831337928772e-02,-7.248713076114654541e-02
4.269917309284210205e-02,-3.648204728960990906e-02,-7.108362764120101929e-02,-8.766287565231323242e-02
-6.548197567462921143e-02,-4.275560006499290466e-02,9.847927093505859375e-02,4.753090441226959229e-02
3.343343734741210938e-03,3.853189945220947266e-02,8.687295019626617432e-03,-8.659880608320236206e-02
2.071366459131240845e-02,6.956253945827484131e-02,-1.656219363212585449e-02,-4.970482736825942993e-02
5.153766274452209473e-02,-8.638763427734375000e-02,-9.337288886308670044e-02,7.826668024063110352e-02
-9.339205175638198853e-02,-9.899668395519256592e-03,1.163587719202041626e-02,1.141058653593063354e-02
-5.788849666714668274e-02,7.077124714851379395e-02,4.123964905738830566e-02,-2.532489597797393799e-03
9.171415865421295166e-02,4.432007670402526855e-03,-7.486819475889205933e-02,4.753080010414123535e-02
5.688370764255523682e-02,7.564304769039154053e-02,-3.174735605716705322e-02,6.465387344360351562e-02
9.585969150066375732e-02,-1.839188486337661743e-02,-2.954511344432830811e-02,-7.649228721857070923e-02
1.495712250471115112e-02,4.475328326225280762e-02,9.847007691860198975e-03,-5.487934499979019165e-02
7.188823819160461426e-02,1.798181980848312378e-02,-7.760430872440338135e-02,-8.550496399402618408e-02
3.542652726173400879e-02,-9.658426046371459961e-02,-7.229516655206680298e-02,-9.457798302173614502e-02
-7.504799962043762207e-02,-1.075907051563262939e-02,2.882821857929229736e-02,9.299077093601226807e-02
3.150705993175506592e-02,-7.497127354145050049e-02,-6.346139311790466309e-02,-9.442853927612304688e-02
1.354765892028808594e-02,2.133068442344665527e-02,-9.909234941005706787e-03,-2.077049016952514648e-02
-4.343043640255928040e-02,-7.470299303531646729e-02,8.525779843330383301e-02,-7.039870321750640869e-02
2.278527617454528809e-02,-7.828581333160400391e-02,-4.775300621986389160e-03,-7.414481788873672485e-02
-3.363141417503356934e-02,7.414022088050842285e-02,-1.505167782306671143e-02,8.831718564033508301e-02
-8.924136310815811157e-02,3.630709648132324219e-02,-9.203845262527465820e-02,4.261200129985809326e-02
-8.110949397087097168e-02,1.353410631418228149e-02,-9.587096422910690308e-02,2.746811509132385254e-02
1.558475196361541748e-02,6.423382461071014404e-02,9.484283626079559326e-03,2.962073683738708496e-02
-1.328228414058685303e-02,-2.041217684745788574e-02,4.437394440174102783e-02,-1.098284870386123657e-02
-6.892941892147064209e-02,5.213464796543121338e-02,2.549880743026733398e-02,6.455616652965545654e-02
-1.092931628227233887e-02,1.753664761781692505e-02,-8.041450381278991699e-02,-9.707009047269821167e-02
-7.408662885427474976e-02,-7.891125977039337158e-02,-3.343574702739715576e-03,-2.722439914941787720e-02
7.070735096931457520e-02,5.579346418380737305e-02,-8.670511096715927124e-02,-6.265466660261154175e-02
-6.641529500484466553e-02,7.148396968841552734e-02,-3.685918077826499939e-02,-5.830783769488334656e-02
-6.714014708995819092e-02,4.249019920825958252e-02,-6.281771510839462280e-02,7.845631241798400879e-02
2.118280529975891113e-02,6.341969966888427734e-02,5.003087222576141357e-02,-7.763861119747161865e-02
4.521638154983520508e-03,3.139877319335937500e-02,-6.379109621047973633e-02,6.068548560142517090e-02
9.229934215545654297e-02,-6.115425005555152893e-02,8.026613295078277588e-02,1.591932773590087891e-02
7.382947206497192383e-02,-8.910572528839111328e-02,2.139577269554138184e-02,6.255793571472167969e-02
4.694384336471557617e-02,-2.580501139163970947e-02,-7.379715889692306519e-02,-3.939157724380493164e-02
4.965032637119293213e-02,5.437916517257690430e-02,6.863047182559967041e-02,9.003309905529022217e-02
-3.717576339840888977e-02,-3.797203302383422852e-03,3.978717327117919922e-02,9.592452645301818848e-02
-1.686733216047286987e-02,8.396829664707183838e-02,-7.082906365394592285e-02,7.184840738773345947e-02
4.628743231296539307e-02,-4.873147234320640564e-02,6.199970841407775879e-03,3.905557096004486084e-02
-4.938628524541854858e-02,-2.191191911697387695e-02,8.787257969379425049e-02,2.899040281772613525e-02
-8.018570393323898315e-02,-1.722775399684906006e-02,-3.596717119216918945e-02,3.664600849151611328e-02
6.025844812393188477e-02,8.212484419345855713e-03,-7.802638411521911621e-02,4.857622087001800537e-02
-8.914498984813690186e-02,-7.293216884136199951e-03,-2.621074020862579346e-02,-9.341496229171752930e-02
-4.604534804821014404e-02,-9.826686233282089233e-02,6.842601299285888672e-02,6.674215197563171387e-02
-3.568922728300094604e-02,-6.421960145235061646e-02,8.285997807979583740e-02,-7.617425173521041870e-02
-1.362181454896926880e-02,-3.416180610656738281e-03,8.419227600097656250e-02,7.932378351688385010e-02
-5.408070236444473267e-02,9.260565042495727539e-02,-9.221325069665908813e-02,-7.501843571662902832e-02
-8.458005636930465698e-02,-2.992851287126541138e-02,-4.177410155534744263e-02,3.777146339416503906e-02
-6.446570158004760742e-02,-7.916897535324096680e-02,-3.684763237833976746e-02,3.972733020782470703e-02
7.470953464508056641e-02,5.180799961090087891e-02,-6.969633698463439941e-02,-4.331880435347557068e-02
-4.803072288632392883e-02,8.347766101360321045e-02,-7.300885021686553955e-02,-2.349913120269775391e-04
7.883073389530181885e-02,-8.190370351076126099e-02,-4.968288168311119080e-02,-4.302103072404861450e-02
8.691017329692840576e-02,-8.637513965368270874e-02,4.855315387248992920e-02,4.836116731166839600e-02
-3.966836631298065186e-02,8.012585341930389404e-03,7.993754744529724121e-02,-3.263715654611587524e-02
5.471193790435791016e-02,-8.012118935585021973e-02,8.727833628654479980e-02,-7.318970561027526855e-02
-1.381221413612365723e-02,8.988086879253387451e-02,-3.081716597080230713e-03,7.503516972064971924e-03
7.210847735404968262e-02,-7.456695288419723511e-02,-6.415623426437377930e-02,2.924540638923645020e-02
8.396039903163909912e-02,-1.790306717157363892e-02,-8.513583987951278687e-02,-1.352533698081970215e-03
2.853341400623321533e-02,-5.152364075183868408e-02,7.590942084789276123e-02,2.902019023895263672e-02
-1.059532910585403442e-02,-3.883288800716400146e-02,-5.196849629282951355e-02,-2.841785550117492676e-02
-9.315968304872512817e-02,8.802105486392974854e-02,5.137422680854797363e-02,8.220832049846649170e-02
-3.620103001594543457e-03,-7.049512118101119995e-02,-4.180998727679252625e-02,5.630426108837127686e-03
-4.289736598730087280e-02,1.048791408538818359e-02,3.036563098430633545e-02,-4.033247753977775574e-02
-3.918769955635070801e-02,-9.557142108678817749e-02,2.305679768323898315e-02,4.561519622802734375e-02
-7.580079138278961182e-02,-8.052046597003936768e-02,-2.190729230642318726e-02,2.145266532897949219e-02
1.339735835790634155e-02,8.026126027107238770e-02,-9.213767945766448975e-02,-3.076967597007751465e-02
2.162978053092956543e-04,-3.923450410366058350e-02,4.527889192104339600e-02,-8.076057583093643188e-02
9.093433618545532227e-02,8.200888335704803467e-02,-5.428326129913330078e-02,3.255879878997802734e-02
1.158867031335830688e-02,-2.738340198993682861e-02,-6.644007563591003418e-02,1.584117859601974487e-02
3.344342112541198730e-02,-1.871965080499649048e-02,6.278075277805328369e-03,-1.746456325054168701e-02
-2.625063061714172363e-02,-7.518730312585830688e-02,7.498723268508911133e-02,-7.263697683811187744e-02
5.126371979713439941e-02,-7.241500914096832275e-02,-9.423448145389556885e-02,-4.889454320073127747e-02
1.387794315814971924e-02,7.609494030475616455e-02,2.480067312717437744e-02,-9.104872494935989380e-02
-6.851015239953994751e-02,6.671465933322906494e-02,-7.703954726457595825e-02,7.505878806114196777e-03
6.644140183925628662e-02,4.315727949142456055e-02,9.276038408279418945e-02,5.727648735046386719e-03
-4.228601232171058655e-02,2.639956772327423096e-02,2.283620834350585938e-02,6.327243149280548096e-02
-7.995368540287017822e-02,7.272598147392272949e-02,2.018115669488906860e-02,-5.621416866779327393e-02
-4.818878322839736938e-02,9.860047698020935059e-02,-1.712606847286224365e-02,5.429707467555999756e-03
-2.499923855066299438e-02,-7.083151489496231079e-02,-8.267088234424591064e-02,4.315423965454101562e-02
-7.097065448760986328e-02,-4.688240587711334229e-03,2.103401720523834229e-02,-9.749581664800643921e-02
-8.721582591533660889e-03,1.968123763799667358e-02,6.169348955154418945e-02,3.192107379436492920e-02
5.673904716968536377e-02,-1.477880030870437622e-02,-6.829995661973953247e-02,-5.435429885983467102e-02
-3.758386522531509399e-02,-6.613704562187194824e-02,-8.204318583011627197e-03,6.221137940883636475e-02
-7.165834307670593262e-03,-2.259466797113418579e-02,2.420864254236221313e-02,-8.323065936565399170e-02
8.102340996265411377e-02,4.131433367729187012e-02,2.073260396718978882e-02,3.967444598674774170e-02
-4.616934061050415039e-02,-3.057239204645156860e-02,-4.533112049102783203e-03,-1.693033427000045776e-02
2.671077847480773926e-02,-4.866837710142135620e-02,-8.832744508981704712e-02,8.650605380535125732e-02
-9.767676889896392822e-02,-1.029435545206069946e-02,8.222685754299163818e-02,-3.336025029420852661e-02
-9.653354436159133911e-02,8.095350861549377441e-02,-6.913140416145324707e-02,1.632267981767654419e-02
-7.515252381563186646e-02,1.173853874206542969e-02,-9.576577693223953247e-02,-6.849794089794158936e-02
8.308260142803192139e-02,-1.966755092144012451e-02,-2.649158239364624023e-03,-7.257955521345138550e-02
5.417558550834655762e-02,-8.386594802141189575e-02,-4.773332178592681885e-02,-1.822219043970108032e-02
-7.909356057643890381e-02,7.703056931495666504e-02,-9.442804008722305298e-02,-4.594070464372634888e-02
3.676365315914154053e-02,-9.849434345960617065e-02,4.822497069835662842e-02,3.004536032676696777e-02
-7.736562937498092651e-02,7.778038084506988525e-02,-4.907420277595520020e-02,6.761544942855834961e-02
-9.728953242301940918e-03,-9.133233129978179932e-02,-5.645174905657768250e-02,-9.218931198120117188e-03
5.530922114849090576e-02,7.867468893527984619e-02,9.060688316822052002e-03,-8.637367933988571167e-02
-1.499933004379272461e-02,7.151669263839721680e-02,2.997419238090515137e-02,-1.336468011140823364e-02
-2.909894287586212158e-02,5.563978850841522217e-02,-9.880753606557846069e-02,-8.496579527854919434e-02
-3.302796185016632080e-02,4.870511591434478760e-02,7.885764539241790771e-02,8.938519656658172607e-02
3.768955171108245850e-02,6.663124263286590576e-02,1.856855303049087524e-02,-6.614836305379867554e-02
-6.017275527119636536e-02,6.418737769126892090e-02,1.016681641340255737e-02,-2.500437945127487183e-02
3.410267829895019531e-02,3.563328087329864502e-02,2.537070214748382568e-02,-1.105016469955444336e-02
5.342651903629302979e-02,-5.450077354907989502e-03,-7.118771970272064209e-02,1.283870637416839600e-02
-3.598969429731369019e-02,-7.836402952671051025e-02,-9.544190019369125366e-02,-5.791079252958297729e-02
3.942523896694183350e-02,-5.487171933054924011e-02,1.915217190980911255e-02,-1.936334371566772461e-02
3.982521593570709229e-02,-2.956930547952651978e-02,2.503100782632827759e-02,-5.047481879591941833e-02
9.085407853126525879e-02,3.192928433418273926e-02,-8.438490331172943115e-02,-9.794710576534271240e-02
4.139520227909088135e-03,8.407303690910339355e-02,4.386715590953826904e-03,-8.641049265861511230e-02
-3.683524578809738159e-02,-1.318571716547012329e-02,9.760721027851104736e-02,-8.172418177127838135e-02
2.506107091903686523e-03,-9.845598787069320679e-02,8.178710937500000000e-03,-4.596419632434844971e-03
6.034007668495178223e-02,7.409398257732391357e-02,4.738350212574005127e-02,-6.404514610767364502e-02
7.749526202678680420e-02,-1.059770584106445312e-04,-5.985040590167045593e-02,5.464448034763336182e-02
9.187524020671844482e-02,8.094371855258941650e-02,-9.775012731552124023e-02,-6.816686689853668213e-02
-9.354023635387420654e-02,-8.987247943878173828e-03,8.244559168815612793e-02,-4.590351134538650513e-02
1.020660251379013062e-02,-8.535291254520416260e-02,-2.728939801454544067e-02,7.700049877166748047e-02
-3.279668092727661133e-02,4.777970910072326660e-02,-5.146052315831184387e-02,7.984724640846252441e-02
7.368849217891693115e-02,4.760061204433441162e-02,-5.163823068141937256e-02,7.634457945823669434e-02
9.326975047588348389e-02,9.796726703643798828e-02,6.391832232475280762e-02,-6.048119440674781799e-02
3.638230264186859131e-03,7.051366567611694336e-02,8.328014612197875977e-02,-4.602833092212677002e-02
8.921127021312713623e-02,-2.830524742603302002e-02,2.598641812801361084e-02,-7.584616541862487793e-03
-5.996565893292427063e-02,-7.179128378629684448e-02,8.107304573059082031e-02,1.731580495834350586e-02
-2.130867540836334229e-02,6.566026806831359863e-02,1.673778146505355835e-02,9.652727842330932617e-02
5.227600038051605225e-02,-1.265811175107955933e-02,7.556200027465820312e-02,-7.053726166486740112e-02
2.049816399812698364e-02,-5.621701851487159729e-02,6.023505330085754395e-02,9.782326221466064453e-02
3.442746400833129883e-02,-5.555044487118721008e-02,-4.925202950835227966e-02,4.900808632373809814e-02
6.276604533195495605e-02,-8.883017301559448242e-02,9.780615568161010742e-03,7.602086663246154785e-02
-3.096461296081542969e-03,5.934369564056396484e-02,1.819220185279846191e-02,-7.722054421901702881e-02
-2.274706959724426270e-02,4.640400409698486328e-03,-5.546363070607185364e-02,6.703209877014160156e-02
4.894395172595977783e-02,-1.529075205326080322e-03,-1.529341936111450195e-02,-8.454587310552597046e-02
-5.389586836099624634e-02,3.035376965999603271e-02,-6.801138073205947876e-02,-1.177632063627243042e-02
1.527504622936248779e-02,2.401269972324371338e-02,-3.983274474740028381e-02,-8.161883056163787842e-02
6.499207019805908203e-02,-1.874021440744400024e-02,6.391341984272003174e-02,-9.816296398639678955e-02
-3.829875588417053223e-02,-6.835202872753143311e-02,8.442397415637969971e-02,-4.442543908953666687e-02
-1.207482814788818359e-02,2.500046044588088989e-02,7.557632029056549072e-02,-9.708970040082931519e-02
-2.337764203548431396e-02,-5.123767256736755371e-02,8.067961037158966064e-02,3.372257947921752930e-02
4.938460886478424072e-02,-9.388773143291473389e-02,-1.441734284162521362e-02,1.808306574821472168e-02
7.001897692680358887e-02,-6.600611656904220581e-02,9.592151641845703125e-02,-1.439525187015533447e-02
6.812335550785064697e-02,2.114969491958618164e-02,5.100676417350769043e-02,-7.775463163852691650e-03
8.300969004631042480e-02,1.340096443891525269e-02,-2.212515473365783691e-02,-6.078702956438064575e-02
-5.077660083770751953e-02,9.344284236431121826e-02,-3.940705209970474243e-02,8.288510143756866455e-02
-3.297553956508636475e-02,5.534434318542480469e-02,4.417173564434051514e-02,9.523695707321166992e-02
-2.381676435470581055e-02,-7.047596573829650879e-02,3.496049344539642334e-02,7.419531047344207764e-02
7.437014579772949219e-02,4.621274769306182861e-03,-9.750028699636459351e-02,5.209591984748840332e-02
5.911639332771301270e-02,4.466162621974945068e-02,-1.384684443473815918e-02,-9.204908460378646851e-02
-4.408479109406471252e-02,-9.027925878763198853e-02,5.822196602821350098e-02,-7.959134876728057861e-03
-9.852302819490432739e-02,-8.283594250679016113e-02,6.328403949737548828e-02,-2.328959107398986816e-02
3.715206682682037354e-02,4.180118441581726074e-02,-7.141090184450149536e-02,-9.015271067619323730e-02
6.697961688041687012e-02,-7.679150253534317017e-02,-2.069632709026336670e-02,2.619534730911254883e-02
-6.432375311851501465e-02,-3.433325141668319702e-02,6.682088971138000488e-02,1.299331337213516235e-02
3.515447676181793213e-02,2.090364694595336914e-02,-6.516657769680023193e-03,5.154389142990112305e-02
-8.987890928983688354e-02,1.479829102754592896e-02,-5.257012695074081421e-02,4.775245487689971924e-02
4.430273175239562988e-02,-3.895733878016471863e-02,5.362169444561004639e-02,6.452545523643493652e-03
-2.901410311460494995e-02,6.800292432308197021e-02,8.898063004016876221e-02,-2.863851934671401978e-02
2.735331654548645020e-03,3.761905431747436523e-02,6.275714933872222900e-02,-2.241937071084976196e-02
-8.967018127441406250e-02,2.103632688522338867e-02,-7.845903933048248291e-02,-7.872853428125381470e-02
9.770253300666809082e-02,-6.625243276357650757e-02,3.399994969367980957e-02,3.778113424777984619e-02
6.373919546604156494e-03,-4.611252993345260620e-02,-8.780056983232498169e-02,4.815228283405303955e-02
9.548935294151306152e-02,-7.627010345458984375e-04,3.302885591983795166e-02,5.263888835906982422e-02
-5.506020784378051758e-02,-6.058742851018905640e-02,9.045061469078063965e-02,1.073289662599563599e-02
-9.128935635089874268e-02,4.559794068336486816e-02,-3.298501670360565186e-02,-8.960023522377014160e-02
6.600220501422882080e-02,-9.183473885059356689e-02,8.374908566474914551e-02,7.930900156497955322e-02
-6.079673767089843750e-06,-3.323167562484741211e-02,-2.075753360986709595e-02,-1.578074693679809570e-02
7.630874216556549072e-02,9.421840310096740723e-02,2.229940891265869141e-02,1.153679192066192627e-02
6.919761002063751221e-02,6.453934311866760254e-02,4.916712641716003418e-02,-6.111940369009971619e-02
-5.841271951794624329e-02,-7.305181026458740234e-02,2.905869483947753906e-02,1.408845931291580200e-02
-5.509424209594726562e-02,-6.998151540756225586e-02,5.526076257228851318e-02,-3.847523406147956848e-02
-5.745160952210426331e-02,-4.981528967618942261e-02,-6.477914750576019287e-02,4.821528494358062744e-02
-8.593363314867019653e-02,5.869638919830322266e-02,-5.075722932815551758e-02,2.476996183395385742e-02
-8.383411169052124023e-02,1.096662878990173340e-02,-1.746769249439239502e-02,-1.716006547212600708e-02
-7.615795731544494629e-02,-4.635354131460189819e-02,-1.613049209117889404e-02,-8.479613065719604492e-02
-6.750538945198059082e-02,7.704569399356842041e-02,9.879827499389648438e-03,-9.003059566020965576e-02
6.223620474338531494e-02,-6.413286924362182617e-02,-5.202641338109970093e-02,-8.758850395679473877e-03
3.355199098587036133e-02,1.326186209917068481e-02,6.330418586730957031e-02,-8.867315948009490967e-02
-1.579532027244567871e-02,-1.385202258825302124e-02,2.174876630306243896e-02,-2.263560891151428223e-03
-9.005074948072433472e-02,1.309268921613693237e-02,-4.872457683086395264e-02,-7.943304628133773804e-02
-3.050081431865692139e-03,-1.749470829963684082e-04,-5.974517390131950378e-02,-4.203154146671295166e-02
1.180969178676605225e-03,4.534274339675903320e-02,4.767443239688873291e-02,-3.080788999795913696e-02
-2.476442605257034302e-02,-3.830475360155105591e-02,8.210556209087371826e-02,3.429529070854187012e-02
6.493480503559112549e-02,-5.774220824241638184e-02,8.032527565956115723e-02,2.496054023504257202e-02
-7.762925326824188232e-02,7.068431377410888672e-02,1.874046772718429565e-02,-9.136140346527099609e-02
-5.363680422306060791e-03,-2.251085638999938965e-02,-6.401319801807403564e-02,9.830181300640106201e-02
7.319873571395874023e-02,9.494534134864807129e-02,-9.608093649148941040e-02,7.438622415065765381e-03
7.286053895950317383e-02,-6.437660753726959229e-02,-5.089486762881278992e-02,7.643572986125946045e-02
-5.866279080510139465e-02,-3.314034640789031982e-02,4.240047931671142578e-02,-2.897327393293380737e-02
-1.452222466468811035e-02,-2.407204359769821167e-02,1.954997330904006958e-02,-4.313104599714279175e-02
-2.037141472101211548e-02,7.491379976272583008e-02,-9.312391281127929688e-03,-6.958036124706268311e-02
-9.664194285869598389e-02,-2.531028538942337036e-02,8.904729783535003662e-02,-1.583878695964813232e-02
2.344707399606704712e-02,-5.556460842490196228e-02,-3.692952170968055725e-02,4.483120143413543701e-02
3.232233226299285889e-02,9.641826152801513672e-03,-7.373953610658645630e-02,7.702472805976867676e-02
-5.783249810338020325e-02,-5.696729943156242371e-02,-2.642745524644851685e-02,9.587100148200988770e-02
1.446247100830078125e-03,9.178994596004486084e-02,9.828996658325195312e-02,-9.321063756942749023e-03
8.923292160034179688e-02,6.953254342079162598e-03,8.935807645320892334e-02,-6.000384688377380371e-03
-4.656953364610671997e-02,5.710372328758239746e-02,3.812204301357269287e-02,-5.601479113101959229e-02
-4.535179957747459412e-02,-2.555652707815170288e-02,2.614208310842514038e-02,9.821046888828277588e-02
-3.377988934516906738e-03,-5.762884393334388733e-02,-3.503444790840148926e-02,-8.040762692689895630e-02
-1.775675266981124878e-02,-7.959751784801483154e-02,-4.166565835475921631e-03,5.252154171466827393e-02
-2.652387320995330811e-02,-1.254855096340179443e-02,6.135687232017517090e-03,4.136097431182861328e-02
-3.896525874733924866e-02,8.486485481262207031e-02,-8.300746232271194458e-02,6.285160779953002930e-02
-2.738777548074722290e-02,-9.625226259231567383e-03,-2.202929556369781494e-02,-3.283075243234634399e-02
-7.008381932973861694e-02,-9.427674114704132080e-02,1.894905418157577515e-02,-6.143945455551147461e-02
-9.224893152713775635e-02,8.754701912403106689e-02,5.281323194503784180e-02,-7.171598076820373535e-02
8.631569147109985352e-02,9.164582192897796631e-02,6.978413462638854980e-02,-6.246133521199226379e-02
-4.912391304969787598e-03,8.205567300319671631e-02,3.996971249580383301e-02,1.876598596572875977e-02
6.319841742515563965e-02,-2.146939933300018311e-02,-9.275872260332107544e-02,-7.633635401725769043e-02
-7.340990006923675537e-03,-8.103448897600173950e-02,1.452078670263290405e-02,2.669559419155120850e-02
7.055670022964477539e-03,4.060290753841400146e-02,-7.135614007711410522e-02,-3.912679851055145264e-02
-5.542490631341934204e-02,-4.528475925326347351e-02,-8.806034922599792480e-03,-3.920302912592887878e-02
9.446971118450164795e-02,4.812312126159667969e-02,-7.485285401344299316e-02,3.639981150627136230e-02
-4.666838049888610840e-02,3.323599696159362793e-03,-5.552660673856735229e-02,-3.683432564139366150e-02
-9.854320436716079712e-02,-5.771286413073539734e-02,-8.833362162113189697e-02,-4.447351768612861633e-02
-5.131584778428077698e-02,1.378059387207031250e-02,1.431284099817276001e-02,1.927770674228668213e-02
-9.765198826789855957e-02,4.747991263866424561e-02,-7.490357011556625366e-02,-3.543159365653991699e-02
4.471085965633392334e-02,4.443353414535522461e-02,6.576532125473022461e-02,5.715851485729217529e-02
-2.243218570947647095e-02,8.808854222297668457e-02,1.340187340974807739e-02,-7.914184033870697021e-02
3.461249172687530518e-02,8.342760801315307617e-02,7.258458435535430908e-02,-5.967992544174194336e-02
9.814751148223876953e-02,-2.142333239316940308e-02,3.409437835216522217e-02,7.327120006084442139e-02
5.251841247081756592e-02,-1.764066517353057861e-03,8.214090764522552490e-02,9.711369872093200684e-03
9.425707161426544189e-02,4.164732992649078369e-02,-2.810905128717422485e-02,6.449037790298461914e-02
2.900989353656768799e-02,1.184786111116409302e-02,-2.835591137409210205e-02,-7.250477373600006104e-02
7.060422003269195557e-02,5.400560796260833740e-02,-3.795005381107330322e-03,1.375260949134826660e-02
-1.832403242588043213e-03,3.738410770893096924e-03,7.602879405021667480e-02,3.670398890972137451e-02
4.616469144821166992e-02,6.542015075683593750e-02,9.691032767295837402e-02,4.508462548255920410e-02
9.251944720745086670e-03,-2.438380569219589233e-02,-5.081717669963836670e-02,-5.796325579285621643e-02
9.818215668201446533e-02,5.423046648502349854e-03,-3.845326974987983704e-02,-5.259267985820770264e-03
-5.286825820803642273e-02,3.463670611381530762e-03,-4.941891506314277649e-02,1.606331020593643188e-02
7.276929914951324463e-02,-9.843809902667999268e-02,3.502327203750610352e-02,-1.707588136196136475e-02
-9.142947196960449219e-02,1.231251657009124756e-02,-8.453307300806045532e-02,1.073911786079406738e-02
-9.302559494972229004e-02,-6.401513516902923584e-02,-5.669001489877700806e-02,2.668125927448272705e-02
4.372046887874603271e-02,8.282957971096038818e-02,9.763725101947784424e-03,1.582343131303787231e-02
5.748803913593292236e-02,-7.463891804218292236e-02,-9.334516525268554688e-02,7.735309004783630371e-02
3.673332929611206055e-02,3.142546117305755615e-02,-1.323154568672180176e-02,2.336052060127258301e-02
-3.591098636388778687e-02,-5.444831028580665588e-02,-5.293148010969161987e-02,2.445029467344284058e-02
-4.477514699101448059e-02,-6.447024643421173096e-03,-9.738196432590484619e-02,-6.569330394268035889e-02
4.143862426280975342e-02,6.155750155448913574e-02,7.556347548961639404e-02,3.130953013896942139e-02
7.512725889682769775e-03,-2.714142203330993652e-02,3.942254185676574707e-02,9.079493582248687744e-03
-8.055308461189270020e-02,2.976635098457336426e-02,6.138978898525238037e-02,2.191649377346038818e-02
3.353877365589141846e-02,8.888487517833709717e-02,-6.527538597583770752e-02,5.001713335514068604e-02
5.954633653163909912e-02,-5.896072089672088623e-02,5.116519331932067871e-02,-7.188236713409423828e-02
6.907705962657928467e-02,7.973790168762207031e-03,-9.663958847522735596e-02,-5.021001771092414856e-02
-2.678099274635314941e-02,7.477851212024688721e-02,6.514224410057067871e-02,9.463597834110260010e-02
-3.966194391250610352e-02,8.504201471805572510e-02,-3.343452513217926025e-02,1.763945072889328003e-02
9.584447741508483887e-02,5.193018913269042969e-02,-4.839057847857475281e-02,8.367757499217987061e-02
-9.246228635311126709e-02,-9.477235376834869385e-02,-2.913942933082580566e-02,-2.423095703125000000e-02
